supplier_id,dist_km,time_min
1,29.861475694021127,51
2,25.93135413438761,44
3,12.936427117152911,22
4,12.145617690856794,21
5,41.68729653381961,71
6,59.67274234970689,102
7,50.18405478216739,86
8,70.53140684050996,121
9,37.68831460399147,65
10,64.00958920752291,110
11,176.01008157298565,302
12,151.76214788368688,260
13,157.3661578189413,270
14,137.11180728837036,235
15,352.63221624449653,605
16,270.4568276709581,464
17,287.69001083422575,493
