supplier_id,dist_km,time_min
1.0,49.750587738712895,85
2.0,42.22167658913275,72
3.0,147.5808889903894,253
4.0,81.74563680923474,140
5.0,318.96735235621367,547
6.0,247.38572807470865,424
