{
  "Total_Products_Evaluated": 514,
  "Overall_Global_WAPE": 27.378341719076733,
  "Overall_Mean_MAPE": 34.23073929961089,
  "Overall_Mean_RMSE": 0.3474513618677043
}