{
  "Total_Products_Evaluated": 35,
  "Overall_Mean_MAPE": 15.965714285714284,
  "Overall_Mean_RMSE": 0.8085714285714286,
  "Best_Product_MAPE": 8.5,
  "Worst_Product_MAPE": 30.2
}