WAPE,RMSE,MAE,n_samples,horizon
28.378820289292317,0.9502590992363663,0.6545240663096519,1200,1
33.461090999047144,1.0765150975207862,0.773449338677609,1200,2
34.19157118074976,1.1214399487236273,0.824944607512143,1200,3
36.53110402749952,1.5974263432824902,1.0706919341300916,1200,4
43.57184322117455,2.0059607448846966,1.4680260387435398,1200,5
39.728392424797526,1.2218911972463138,0.9154997165547117,1200,6
44.4447794462262,1.3822488315277657,1.0102150776013283,1200,7
