WAPE,RMSE,MAE,n_samples,horizon
24.24534384313086,1.3409159728647524,0.9225406599359098,200,1
31.818579905552586,1.6509382841614484,1.1734118047064561,200,2
27.934568875747622,1.5478142329154905,1.1315091849552004,200,3
38.55123575261622,2.7227606893143412,2.0073903120467516,200,4
46.26721036226037,3.4370906739746503,2.6063266758630284,200,5
32.36239250579042,1.6633328040891078,1.2198373482004674,200,6
48.03335767419382,2.0645566009368794,1.6374222643771434,200,7
