P_lim,U_limit,Total_Daily_Cost,Product_Cost_Cycle,Logistics_Cost_Cycle,Holding_Cost_Cycle
3,4,114913.1914413469,455221.5027908137,2014.3876,2416.8753745739054
4,3,132886.33578463615,395047.2076824196,2037.349,1574.4506714888385
5,2,254756.4732422001,505945.30861606984,2269.6222,1298.0156683303828
