Policy,Total_Cost,Total_Waste_Units,Total_Lost_Units,Service_Level,Cost_Savings_%,Waste_Reduct_%
NAIVE,20399969.061364226,179755.2962174341,35833.58391427249,0.8881802107667202,0.0,0.0
NORMAL,15092468.27518161,119504.01049849391,58155.29819533229,0.8185246094385525,26.017200174261845,33.51850375860945
SAA,14584389.52110618,114452.34940754622,58922.6371043846,0.8161301045873777,28.507786079304648,36.3288026467363
